{"cameraMode":{"drawMode":0,"name":"Shaded","section":"Shading Mode"},"sceneLighting":false,"audioPlay":false,"sceneViewState":{"showFog":true,"showMaterialUpdate":false,"showSkybox":false,"showFlares":true,"showImageEffects":true,"showParticleSystems":true},"in2DMode":false,"pivot":{"x":-0.0977296531200409,"y":-0.14032183587551118,"z":-0.051286570727825168},"rotation":{"x":-0.017815105617046357,"y":0.9819828867912293,"z":-0.14270158112049104,"w":-0.12259234488010407},"size":0.8163748979568481,"orthographic":false}