{"cameraMode":{"drawMode":0,"name":"Shaded","section":"Shading Mode"},"sceneLighting":true,"audioPlay":false,"sceneViewState":{"showFog":true,"showMaterialUpdate":false,"showSkybox":true,"showFlares":true,"showImageEffects":true,"showParticleSystems":true},"in2DMode":false,"pivot":{"x":-0.9410347938537598,"y":0.9178709983825684,"z":-9.980602264404297},"rotation":{"x":-0.03149448335170746,"y":-0.005090648774057627,"z":0.0001598965609446168,"w":-0.9994943141937256},"size":12.660858154296875,"orthographic":false}