{"cameraMode":{"drawMode":0,"name":"Shaded","section":"Shading Mode"},"sceneLighting":true,"audioPlay":false,"sceneViewState":{"showFog":true,"showMaterialUpdate":false,"showSkybox":true,"showFlares":true,"showImageEffects":true,"showParticleSystems":true},"in2DMode":false,"pivot":{"x":176.32130432128907,"y":100.47625732421875,"z":-32.4302864074707},"rotation":{"x":0.0011900441022589803,"y":-0.021901052445173265,"z":-0.0000260831366176717,"w":-0.9997602701187134},"size":227.66513061523438,"orthographic":false}