{"cameraMode":{"drawMode":0,"name":"Shaded","section":"Shading Mode"},"sceneLighting":true,"audioPlay":false,"sceneViewState":{"showFog":false,"showMaterialUpdate":false,"showSkybox":false,"showFlares":false,"showImageEffects":false,"showParticleSystems":false},"in2DMode":false,"pivot":{"x":228.41726684570313,"y":150.7125701904297,"z":0.3840905427932739},"rotation":{"x":-0.024240000173449518,"y":-0.07431254535913468,"z":0.001806915272027254,"w":-0.9969391822814941},"size":220.0372772216797,"orthographic":false}