{"cameraMode":{"drawMode":0,"name":"Shaded","section":"Shading Mode"},"sceneLighting":true,"audioPlay":false,"sceneViewState":{"showFog":true,"showMaterialUpdate":false,"showSkybox":true,"showFlares":true,"showImageEffects":true,"showParticleSystems":true},"in2DMode":false,"pivot":{"x":5.940268516540527,"y":-3.248894691467285,"z":4.491081237792969},"rotation":{"x":-0.10799863189458847,"y":-0.04263852536678314,"z":0.0046363030560314659,"w":-0.993227481842041},"size":39.138572692871097,"orthographic":false}