{"cameraMode":{"drawMode":0,"name":"Shaded","section":"Shading Mode"},"sceneLighting":false,"audioPlay":false,"sceneViewState":{"showFog":false,"showMaterialUpdate":false,"showSkybox":false,"showFlares":false,"showImageEffects":false,"showParticleSystems":false},"in2DMode":false,"pivot":{"x":35.600006103515628,"y":37.762306213378909,"z":0.0},"rotation":{"x":-0.024240000173449518,"y":-0.07431254535913468,"z":0.001806915272027254,"w":-0.9969391822814941},"size":74.40304565429688,"orthographic":false}